atrybut1,atrybut2,atrybut3,atrybut4,atrybut5,atrybut6,class
62.49560578089762,88.0585595028142,33.091817540753844,3.313182862212545,1958.8334683952676,10.850609163203831,class 3
65.47606562786711,81.30210367626131,4.171545322833125,3.982742175948253,2121.3595505503195,13.368150931217839,class 3
30.087408582093772,24.773439682473427,2.8188455759942657,0.25682181517917385,1066.482548613438,8.468432258982517,class 1
38.56659040348185,33.46527580619913,17.69791788476201,0.29188278949751334,1004.8308742739533,9.651596005113648,class 1
59.188268279603506,95.75430860625214,93.79383748275582,2.5712972866115043,1862.1544671038516,9.157226562193598,class 3
40.48943015850884,21.784710787130262,42.62690193697961,0.9406816686531503,1692.3083449644553,11.233256780435157,class 2
68.4291242027111,79.78542400865636,38.97666217319406,2.860731004715546,1980.7959325215734,11.702976040465755,class 3
55.900668760306644,73.4328672442842,16.99220174917641,2.5805762935873924,1986.4269125162166,7.933791875612975,class 3
33.79855905669566,30.90871233705657,49.76963296935105,0.6472685178634372,1496.4177205186868,9.115812709000599,class 2
40.44605465716086,40.0086629566557,40.92381703930083,0.8091581455493627,1523.1411913773488,13.24085758585183,class 2
24.493255409774765,16.10543235387143,12.616590360995382,0.2760928249458947,997.7614034775826,11.56829841218452,class 1
66.07630193905408,89.2112343556208,41.458644274515976,2.8367912276617284,2039.8582679915444,11.837022496217113,class 3
24.89725470664831,19.470086131557654,11.472773137452227,0.39545626076606394,1021.8563218281698,11.386536635781152,class 1
31.657637733103986,24.822155430069422,30.211184955724477,0.176025601121646,1252.8057534793043,11.208517958863752,class 1
62.87185350621217,96.33212393456742,26.418555283285162,2.078469382391568,2154.6240421470006,12.703864915022493,class 3
33.340444983658315,29.81906579187714,22.047064396502723,0.043852430925615415,1057.9426141964982,10.61474268599304,class 1
44.378424866012494,43.51677753441537,48.44944064139593,1.2288718503082778,1530.2087278862073,9.514162228762201,class 2
27.44448860702663,21.858154081761068,22.667795320183814,0.2792518604435985,1030.342402749213,8.256356829790104,class 1
28.290989414653865,27.667739606790935,45.33827904902197,0.6671615792628675,851.0523877405991,8.500431656995929,class 1
32.602371151298804,29.383752785501546,9.142864560402042,0.2773223916156303,983.7668812163562,9.86818488637657,class 1
31.988642976215058,23.422138236505315,27.671771438755464,0.554473951054848,1115.022155193317,9.840727104066136,class 1
32.502361575869344,24.295402559577838,27.823582508829457,0.9765204565368146,1002.4733822426159,11.657018823103796,class 1
54.415332414162044,83.51361950678326,35.089932197114166,2.6192177806722317,2089.37240088509,10.20364704622873,class 3
26.58782428970568,18.900371898930494,26.387528687743817,0.5896198727872407,1068.4015459437824,8.084475332544658,class 1
24.21576858244618,18.261960428318915,34.71375300531898,0.6403327296179134,884.6160691552471,12.163457186779366,class 1
45.760496854857735,93.58447143593361,28.540638767132336,2.702497366876488,2530.2400879173247,11.893176731146058,class 3
54.156633723508776,85.8560860890046,49.328591291391255,2.0056094383531815,1812.0091198648179,13.62084860093867,class 3
50.25085268495861,38.093820580182054,45.93959718532549,1.4861028011785578,1606.7693880603485,12.641646826780654,class 2
33.352506271577525,26.78693861397451,16.226857644881246,0.5316238169810218,1023.1133333734965,9.997911022834977,class 1
42.47110702497588,36.625211758307714,65.34874156630748,1.8945741665748477,1472.2632704648593,8.666314203164497,class 2
49.884717873000035,38.90336394625238,24.355757721146194,1.2278379252881066,1661.178484933134,16.30589985498912,class 2
62.99279081787877,103.9866540592935,37.12084043595991,2.3626313567781065,2003.3225418780996,10.734799832390614,class 3
55.306152196922554,98.95818238068479,30.94044104828688,2.4823479323235307,2103.606712355936,9.339204732333364,class 3
30.930704845418816,25.055422531671987,9.216427150821561,0.45786199712736864,944.5195068342175,8.432434435620547,class 1
32.76194141627107,26.666009793294666,12.024291963709741,0.23663395778835167,830.6676440823576,10.92522129953467,class 1
64.3292579828729,70.07957693957913,55.38809596987051,2.209929742732789,1983.9979623211111,13.697445737331671,class 3
59.11733788320743,87.33902741400196,14.967427071612175,2.3039638832070035,2105.098814114929,12.005517663627273,class 3
64.95831942804186,83.23512130382386,27.090082479876468,2.2664404569343755,1744.7371182464517,20.3511718291484,class 3
30.634158764306857,28.261016234008828,14.06281191331193,0.569870124512086,1002.3287957261335,8.437618551068091,class 1
58.07152551700981,85.9075506590238,31.08478641687287,1.7026595295631364,2277.7045235370138,8.742988926769346,class 3
58.24518102492192,79.34660308966662,17.305911832002614,1.4922483133265891,2524.75894817933,10.819512561833253,class 3
43.924204269465875,38.686399633191655,43.36515143452155,1.5006997747452806,1711.9166611589344,11.778465136867082,class 2
26.322190855993554,21.410899401702267,10.097148528319716,0.656968807321627,961.500710090767,9.575806376278646,class 1
40.1990312667635,24.102814633949638,28.88678715417953,1.538972650289339,1665.1429869373114,12.736482106395947,class 2
53.08479906406879,91.55010966012318,51.77084185899293,2.714079691931884,2465.6520296601307,8.115542475311832,class 3
64.56955606474428,99.47471981515771,57.00771931811786,2.064839599474331,1978.2755944745493,15.436682462813668,class 3
30.31784329672901,23.38215812496552,32.432089233586595,1.021082995857109,1472.3728324678339,10.84361070918855,class 2
50.56452577040939,47.18596545447961,44.71466459590174,1.5712716125484305,1679.365382787005,17.53538153947978,class 2
60.83411501426104,80.7776523789946,22.627231627369497,2.728928286887527,1977.309380544522,10.46369163909625,class 3
28.762613841119048,22.435324349796886,17.07757861847282,0.5840377197449875,990.5911315659903,9.381494691692904,class 1
26.744909087008487,23.60850468972657,6.5165028287696405,1.0098655905214007,993.6216348914553,10.67248609895974,class 1
34.19462358234543,29.637847010430285,46.45004120805774,1.0628290102626816,1442.7643900281473,12.21966909270182,class 2
56.59764637441671,100.54070072445344,18.927881670310637,1.6045633013525322,2171.353530397272,11.95534514202186,class 3
28.54778461373971,23.469437698172452,4.802308036159003,0.6633551734401582,1031.674709954466,10.69505470904903,class 1
65.42706168084008,88.64226012912604,37.39892973230814,3.74910741492825,2261.739950425671,7.999882586778996,class 3
33.111167741715796,25.03848206430113,14.073691372982314,0.6076068879856502,1035.4036499363242,8.385632199521847,class 1
60.10149926956794,98.90442766120307,29.7281216811012,2.0064122331874352,1967.4708390230996,13.728352972700076,class 3
26.562830148467047,19.444409762599587,8.664914363692956,0.5892644295086127,1050.9525026697768,9.066748449618613,class 1
35.19691319114426,28.84064165479643,32.961817531038,0.45977906909623395,1077.5198296220688,11.235629697814273,class 1
47.46424130262047,40.57238906440984,36.96381101087254,1.534161397373404,1380.5925626270198,8.320469121689536,class 2
31.218868319017727,24.657824981136805,40.31285274375461,0.5483319439641676,970.2626642731444,10.718313307780692,class 1
29.80029635605499,23.758712032573122,16.822324222144385,0.5483289043353503,955.50464329207,10.794120110688583,class 1
58.53655439631731,42.699655438834455,23.475426974488556,1.654859111739399,1629.44452107944,7.713785261259696,class 2
44.283223053722324,36.837087258646555,33.526761017563096,0.8165145644831132,1619.7184791258298,12.976137330134705,class 2
28.899430995093265,21.433084255488872,15.482198846996551,0.6174518333605584,1102.9864889284052,8.931846937181591,class 1
60.46528489285753,93.90098010275896,31.808065899110368,2.165619129651259,1870.8685628268481,5.501157901002839,class 3
63.747313333250595,73.23679385733026,34.177975030714485,3.1411224134320124,2290.294068643446,8.83124955945096,class 3
44.33547309874966,93.89993684136785,48.516627448235354,1.9364119973060727,2256.541636205008,7.119189587716862,class 3
55.39443150713696,47.97926641482796,24.767601243735704,0.8276794259366865,1477.0565304504391,10.719846451702182,class 2
32.66154043589115,24.375510792377742,15.772544431614344,0.40823190137013987,1146.9909340390016,9.54607036079433,class 1
65.44312424295511,88.85888813874247,52.65114905883569,2.157212282759824,1889.4583198156047,7.443942147071223,class 3
28.591465798047082,23.218348473881903,24.127282379751993,0.37606681317427726,1108.0500096762125,9.142826171204893,class 1
35.365287506454365,35.73020923565674,27.434195238830334,1.5958448394079596,1452.6501339169788,12.32968453280288,class 2
55.41178802780104,48.326775752138786,34.90009930516628,1.315050854109566,1681.4228741680033,10.349249709945028,class 2
61.24384616417952,75.75584802276376,20.2624152460145,1.8106153205365412,2233.1336168975813,8.556224890935995,class 3
27.337961170845222,21.103994294404202,6.698324679433728,0.2011188760361387,940.3121394677989,10.317414599192576,class 1
48.028161162083066,33.68601560207337,38.78837816202886,1.8055698100324602,1491.9169379544787,8.599391406019564,class 2
29.681127156374405,20.810811234317544,6.794423434331294,0.4508476999974197,1002.84611815877,12.218911766011345,class 1
65.4976042476977,96.92531442355417,85.93211829635112,2.3597861840473753,1916.7388299266365,11.156303983372132,class 3
49.57271418296859,42.13093420503608,27.126889531813582,1.6435742054878428,1355.472579071834,12.980027343414392,class 2
32.540603787257616,27.887359992922455,13.868531636441475,0.5895627433445421,1018.0447871608145,11.781451589081682,class 1
36.40400083424252,30.430574548946108,19.826609548470664,1.3566228750711993,1521.5244239635695,13.929685730924572,class 2
34.89016535469612,27.00216532307534,18.081060224351596,0.4118695156860515,1138.3196272708562,9.523140177057305,class 1
33.48571511179276,28.075225678812295,33.895371921928195,0.4325349675862988,1451.150214120873,10.434038735435667,class 1
43.09827931418896,34.868277103182294,27.32946934124742,1.712201904638048,1555.5066196645525,13.454626098267696,class 2
52.679486288879914,99.65591297881255,36.253734116147385,2.608181048027741,2388.0085106375295,15.649675837771058,class 3
60.33124949187259,88.32568619001563,33.80013265205477,3.113774705508014,2395.678852818522,15.333561055214474,class 3
52.810748295963165,97.26309894171577,26.93343962752691,1.5839359864100722,2260.8837742683822,13.001507139228485,class 3
35.97976524493758,26.34618607510281,32.28342540845112,0.5638800527582457,1087.9983720273667,12.055811482921198,class 1
43.39495142513384,36.35989144771058,12.567567471042802,1.4017898436066776,1572.8254498547035,13.221671311168269,class 2
28.286688711347573,20.073475820438823,35.12393578829354,0.5537826895357202,1020.41707334847,10.178838791691089,class 1
26.164469596684004,21.701477609558932,5.364948024618487,0.24347306994789564,857.3111096228654,11.736261637031701,class 1
28.60509971100625,23.960310642812853,12.024782469064316,0.4836824460629758,949.7547133019701,9.946583895714864,class 1
34.26392092315057,23.897693173563294,3.9963515079806156,0.859518904486863,945.9186155454905,9.193506134645466,class 1
45.00937892728141,32.021828637815574,11.98095794440917,1.129995794051604,1249.940814316352,12.94921895153496,class 2
28.37433993446154,23.138236950296946,5.11659679471224,0.01744393381410192,895.7878306532428,10.11356993193525,class 1
25.216641417643842,18.71514545862786,28.328405735677133,0.7503450017130391,909.7775388086629,10.34422257319541,class 1
69.61615860519868,69.3187749123687,18.791595159933255,1.8023558732320677,1862.0047261042591,13.575066760980572,class 3
79.67277389775863,80.50466124662266,18.754464157331153,2.2360533450792985,2157.2397649945287,12.94815832987144,class 3
68.81626807040377,77.6076772184471,38.19522204361056,2.453083116763777,2133.1860072916197,6.472732992315684,class 3
47.563467184487564,37.555536570271414,29.984079332234383,1.9245092921031044,1792.5074925622016,13.942682397477245,class 2
23.25066226416788,22.859024035390902,6.3306226352983686,0.690410730627978,1140.2952821360864,12.691555081900539,class 1
60.1250838839926,101.77825168771503,19.82352204309253,2.0687204111097097,2154.7983941064867,16.655938484567166,class 3
40.01364054911104,30.506064024154973,25.02508801896741,1.4975091007050194,1571.6643889866418,12.496446551703793,class 2
45.433415385759716,36.69275447629362,35.95575368194137,1.3128160316235047,1529.5215084683466,12.97681256522224,class 2
45.774291858050745,26.696599446502432,29.017505167371652,1.2794711214105157,1666.2230525837551,12.682156295064432,class 2
53.693719977696674,36.71744304093491,32.999159354929446,1.3412965955709926,1579.7617895919457,11.764513561622916,class 2
26.265529279960493,20.52186773208418,8.348871962027287,0.29383725594576926,1072.688108791369,9.378290401246213,class 1
58.3772367943542,89.40045399890826,41.168787163346366,2.01603632172617,2047.1874436084847,8.255501972853569,class 3
24.791281972550728,23.36888540520035,29.565004386657055,0.374482492712616,1163.900452069063,12.382414160723894,class 1
30.874754386916052,22.91034947162119,18.662860176375872,0.534392066487412,1031.301172794659,11.800459387388983,class 1
49.05056656239535,95.56844806055724,29.450917727587182,2.8322489627287104,1970.040982847392,14.006661203622075,class 3
55.28604499312888,107.44649077188421,18.377748573632548,1.9780418239148259,2121.0564421243,10.403566199677563,class 3
46.629941970920356,102.99629208160573,26.6915190877123,1.4956484383302158,2353.783119109505,8.666372024276004,class 3
49.290757663322196,50.27558823953106,61.98289892860779,1.386005661474195,1383.657256429854,13.961721790329216,class 2
31.475003136329995,27.043148534812484,21.061091038443873,0.3386802191385255,1027.2633126401686,11.481107717569602,class 1
51.87744144201037,103.04603632252713,9.908873627935737,2.2408564406536646,2019.5269334637844,7.062747257142458,class 3
35.85321156487825,27.156454832513067,16.635005743006563,0.3154227116209465,848.6442997350472,6.838069987333835,class 1
84.33586596551447,87.45367346953194,30.406556521869916,3.0656390065358403,2040.1603438188413,10.748004926460741,class 3
33.76225886556485,26.037191274305222,10.1687940894542,0.3844922225288699,976.0588236891795,10.1538297755894,class 1
33.51380120522909,26.497765168867097,4.302230155305215,0.6427640272964799,1006.6896861928445,12.154452634844937,class 1
46.70626736281154,35.1668034057289,19.416760183407604,1.586781646298156,1568.9552917977123,10.081957328673399,class 2
23.268520913536783,20.446621815541455,14.307625682729714,0.7425037673663201,974.4714722391282,9.99712022023548,class 1
43.108914094640326,34.58055254017049,12.396071401720231,1.4249687116032101,1545.1828023113603,13.64871053562974,class 2
43.84543557222647,35.31822225025065,5.54019867130184,2.017087782741134,1506.0184165941798,13.650093729475838,class 2
51.51588076921794,114.82219911114888,25.67539495812116,1.3229977986345782,1980.6287248853823,9.277135189321148,class 3
32.344889325437116,24.907572593682538,23.473816794688922,0.49648743470451084,953.7684713537875,10.19654067429013,class 1
31.73769457418343,24.913808171397417,5.613947847023736,0.4556927768538399,845.0426453835668,11.134372245444709,class 1
52.052575396905915,43.353245910513266,26.389405609346795,1.3027850011012256,1495.4540713569022,7.479639882823135,class 2
44.31087798384484,41.928983623620084,11.652119975134214,1.3192212402437085,1359.0528339034395,12.284370383715359,class 2
31.72328401203153,25.95027948883031,11.86696596776981,0.7725285279606682,1031.7593043599072,10.620688475785322,class 1
40.280512767928435,34.08912086313199,87.72170874218935,1.5958313458632318,1567.4927647514876,14.278095111422367,class 2
43.203421185201734,36.318701065716965,48.58660907207639,1.3449457463654864,1840.1155721908185,15.858732140036384,class 2
32.12923674221339,28.861571906591585,23.62742472852602,0.5942272586799859,1000.964254448146,9.750763237075402,class 1
28.73502963062567,24.953502726546652,23.84320919267855,0.6082263221609063,1090.8838946844344,13.090447255786117,class 1
50.30194804019407,101.1717506341806,29.448421227770666,1.3846039836683892,1990.1822041097196,8.458494590597741,class 3
33.36123254982958,26.421340110831583,21.49537926051128,0.31788502321571027,1026.9266501284349,11.005118863303284,class 1
45.431932438352575,31.039961537407862,54.34222964113039,1.040868891977976,1341.2772348940023,10.09140170672335,class 2
47.456947640704456,82.99242312829027,41.37482175714044,2.341469748730334,2349.0696650147397,17.90268583180335,class 3
36.40711556528366,29.232003147382663,8.50709905856342,0.18730441042626228,892.6259866903274,10.078259977986301,class 1
30.288518030855478,25.17389146977466,16.182080144612737,0.2929843771918718,995.3271004913054,9.248882884364626,class 1
38.568593938902715,95.13524537777818,29.32650112809518,2.2146783407571795,2324.824085437229,11.946698851385698,class 3
41.80470199042694,32.69993488359736,54.77926581723922,1.2554618474053096,1568.7005849914501,13.991360076299992,class 2
62.018675764634345,91.94552659528206,34.880443007515915,2.0834993907866255,1846.829887137798,7.73016327548214,class 3
65.44494038110986,91.24649547415535,58.74879343896436,1.4106723299092794,2439.826314875304,11.697333144372337,class 3
55.17835127020221,42.186371143686074,33.30797808049726,1.598684553587955,1658.0778752741833,10.923854166345105,class 2
55.04710109651808,46.30243191151379,21.71819151153634,1.311589328998447,1626.3501912615934,12.495952901566099,class 2
52.85360812471032,106.31649265062731,22.572166690359495,1.4525960270547547,2285.049641771853,12.167421540726718,class 3
26.041847519872544,21.138603040102975,10.523527963799044,0.05054628893182889,863.6805709911699,11.016102053038454,class 1
60.773941326728625,88.69480574462031,70.5959024230467,2.7637458705124676,2094.154621694858,6.62940086252301,class 3
71.06438145885093,68.78104448281827,23.897353859994762,2.426869766309344,2385.480689572776,14.729898111520168,class 3
46.587502322763946,39.36580567498184,34.94909595415197,1.3117660287750013,1465.920687753847,12.077618001221385,class 2
41.06961881251981,35.87111532975058,41.35412750627174,1.0883298891747986,1506.347985442666,8.38248855896246,class 2
23.090718307230606,15.722783029044523,24.921555154022546,0.6117097918548446,1033.997271794892,9.437737805653585,class 1
35.50930220211412,31.505420577152783,24.84476872794836,1.4603910565948859,1722.891860780923,11.974509710937385,class 2
28.33857095928126,23.0238816101699,4.274042824625583,0.12803291869087424,1003.0864898384733,10.152888831058986,class 1
55.78416871890488,98.78412001950002,42.38428872693811,2.511622699312746,1964.0605045049363,9.352124197785624,class 3
48.11308772736663,39.68051446663553,44.60321964506014,1.5783885999307068,1679.7224409087917,12.595970937093563,class 2
48.41783303517263,83.52816445559202,23.90749712733464,3.671659853150394,2513.939532530671,12.293970739736956,class 3
52.9106952148316,46.19775311523637,57.73561715208645,1.5909327498819283,1725.2492077264594,9.2226722619607,class 2
28.473048424006684,25.190145980981818,10.528709423795421,0.6250170402496308,1124.915056144286,7.70392711411494,class 1
48.637624013425516,40.1179821808175,18.105107791203107,1.296663934013981,1678.6741673405659,8.838645020130215,class 2
28.762724912741472,21.253964289773428,32.044804026474964,1.3278884030944529,1546.003554176242,12.25564164911854,class 2
30.569702944282263,24.636741918681558,28.475435363378228,0.3572250351927032,907.033638981257,10.334683027609248,class 1
65.2135377418884,81.80105630422439,32.274097542879886,2.305045286500171,2121.44230728593,11.849254949633517,class 3
79.090290623703,73.2379655827001,20.163288554306085,2.0449097572567108,2149.8275512795476,4.9612600829730376,class 3
51.00769597802089,78.05806154958721,65.91773375647709,2.0527841136266627,1964.8695687122797,14.392934267618719,class 3
29.042577490107902,23.234230778269154,0.7420998916825198,0.6371498070549324,967.4445000981952,9.589224241680645,class 1
55.31067500532702,49.18014774067241,17.585482026826757,1.1318394544855552,1742.8366844212142,11.227444087009376,class 2
38.01503611729182,24.16049151247406,30.755849886482398,1.7832181561486105,1393.7006639348745,13.01815973433867,class 2
57.35087048825475,73.83302892586809,53.27366815162836,2.780852723405485,2046.97762416091,13.734134218283096,class 3
71.33203364401263,71.6912686352294,123.95444294749028,1.7805674168782994,3425.4597512789815,11.486891089165571,class 3
42.454916967852405,38.7255878274569,19.89817488767602,1.028619107927152,1530.026191323677,11.913812837413419,class 2
62.91680300088042,90.75726790131472,49.2300229449489,1.6567144986366447,2155.0044345424462,10.650578968265924,class 3
67.10429900102734,97.30195575919804,30.05539977426139,1.8691294203568587,2024.192463121712,12.941787826038597,class 3
76.0048881604784,85.84023028681185,63.786990203094874,1.9511179535609497,1871.5638693252338,11.822919801030828,class 3
50.30175077156659,104.91135622117224,43.52350667704425,2.75414250278392,1916.4431666313367,18.268489640506584,class 3
29.5442101693805,24.00183700994821,24.054294055893923,0.43790320476081124,1000.9156351273173,10.46443012286375,class 1
41.65544986402932,33.11738335509154,32.441976232924354,0.6614016563888941,965.4928449408392,9.163342981015864,class 1
38.60438557443017,93.4895349787453,52.33059214803927,2.3693908580370358,2290.858896860345,10.077829624373376,class 3
49.18842932952418,36.163099506432594,59.88624280555895,1.4426162749905511,1432.3645530698643,13.564188928990385,class 2
36.69050701537941,24.63240249843449,23.23395644795888,1.7947444356981714,1723.0417641109307,11.919157203261962,class 2
68.48334258809813,88.22872292073626,22.345593106001584,2.2076692618155285,2215.3312398365256,10.33764006201063,class 3
33.873113418365925,26.430243853291117,12.345759537781115,0.5354792229273881,900.4635296911305,13.364380468604477,class 1
30.950942409329112,24.22797894744538,32.43447042818445,0.6294969381418949,1053.3258134887626,10.568263905187592,class 1
45.55292101438007,35.98034129430832,62.72103023531959,1.2680545070756577,2673.9330553213204,12.324824635415185,class 2
59.7478399359383,91.1410158423976,84.25432493420125,3.0094613342400325,1978.0479217754819,16.254325523395238,class 3
30.51136161266914,24.669638333081085,40.67205065016419,0.3726769433795528,1142.8134721657705,9.066688832057924,class 1
53.75162613976738,100.54612612652595,45.77281300729011,1.8426624750334928,2083.077268664672,7.885686037280564,class 3
60.126648745861544,84.40251768305072,41.7677130350792,2.9052038743834725,2076.2217816936372,17.3917327141738,class 3
44.57823707519099,30.150552552761333,8.104145841858909,1.5472932081538286,1746.607439946111,12.261725074720315,class 2
47.87820342611174,34.78452422625362,19.21328153348159,1.916986374101995,1620.421233183032,10.164030606521747,class 2
45.77277007928553,37.926255538585686,82.16463974501255,0.9496151124991458,1601.318261623303,13.36330815491765,class 2
45.059539387062074,32.04246577862349,14.380224812067777,0.8917998917020038,1553.85398679785,10.672945429675881,class 2
33.51759189945131,24.883839995096306,23.15550710201783,0.16288053652303836,1051.1701127598321,10.104879371492238,class 1
46.9085168440249,39.98389522864818,17.665303883171106,1.5246466945645512,1652.2550003148901,9.267761897253127,class 2
32.95006227386835,24.386335662238206,57.208098865737746,0.4509878697618595,960.8199853679033,8.906069595439508,class 1
27.352296235733395,20.700422960659743,2.7324793190140326,0.46661441397828696,786.173245351765,10.665719064074658,class 1
26.702075137235042,18.625341711296702,1.4995160350512056,0.4620152317955486,1003.5369902483359,8.27370323622165,class 1
47.557546194446374,40.67758899728982,49.753853066484396,0.8517433506095795,1554.4388234982193,12.23648133239425,class 2
38.609854092968206,27.284295293156266,58.79941924268803,1.1411064552777335,1606.889208572579,10.598876327992311,class 2
64.43067220744233,80.68495329834155,13.99300618539855,2.902835328181449,2392.9322411036433,21.61116845288722,class 3
66.09736357882254,97.27955065206181,48.038526954651864,1.6413264410312134,2107.412403662852,7.0158564556367,class 3
49.9050620980171,37.41011075786652,20.71907937897936,1.7243467517882407,1769.5015683953206,13.646993420915482,class 2
52.20225475206505,114.1541100459049,36.65505890059167,2.099564370064667,2095.0619962469295,15.254188457741929,class 3
50.978618288104045,94.24186333629885,40.53719004484743,3.1274786952240747,1965.6990330703093,9.36754222897398,class 3
52.93576335129691,39.00438222165439,9.247503355372395,2.173031167923302,1456.676142313065,11.825503035594656,class 2
49.29869423978837,45.50612602038769,31.688951795955504,1.8587225925938897,1647.2052244304916,14.971960285884684,class 2
31.786124704119775,24.370020908563674,13.398910102919155,0.7996748880593465,1114.1988226947603,10.496560232494293,class 1
51.73860300740789,33.053273785972415,21.132728454991533,1.1392490388236811,1543.6196189801528,10.493201592424445,class 2
43.62180010907263,34.719695416440686,24.06728079834299,1.6275837632974808,1787.0579497358904,12.54318289557156,class 2
48.31161038619233,32.3468110002714,24.98916563049928,1.3020264380757365,1584.3968726201813,19.143596057849663,class 2
29.436836454334458,22.805640000824987,9.416894835307984,0.6861676452701059,1083.9471688434726,8.711190972136645,class 1
33.00180478322583,23.05207793717195,12.709953750899613,0.6030820805801622,1000.9161033336524,10.584537557980003,class 1
28.306806751823384,19.129988618745447,12.755435219325813,0.5628154447739598,1152.4048171251577,11.305833414129589,class 1
43.23763722637685,100.46721645994091,45.117734615922714,1.7440220951790253,2043.9049018890505,14.668103521660385,class 3
29.23478270047354,21.99594093703743,7.653205522138122,0.5964133671051051,1019.5283511182681,8.886711859003846,class 1
43.21774281163779,31.873738440736386,10.90774451211113,2.483349139533737,1424.057682103655,11.50998925538746,class 2
35.43675030096175,32.535736858630585,15.546160440828503,0.7256037714698605,919.3685640301164,10.47407180596643,class 1
50.31984942471286,91.3624794978585,31.301504527687506,2.5153228205414586,1999.1192142370128,14.485505535303263,class 3
24.709201550582392,17.573790083556638,27.97644048313768,0.3346589906166211,1010.4846260836915,9.835398727554724,class 1
31.070845849375342,19.72335979763768,4.499245013418199,0.7375450186523873,955.3816890003828,11.460841192326102,class 1
71.71042513786827,95.09506448629438,43.47868550232001,2.779586524845454,2197.8978607401923,9.89473679845748,class 3
63.548138844978276,84.81309071303806,22.31011753278712,1.83088420021425,1952.8394883006063,15.40897048508142,class 3
45.10169517356298,37.111917822535034,59.88424181915313,1.2833687065930228,1728.5565446715539,8.938238055873649,class 2
26.01101268959407,24.48263720831789,10.590088257227722,0.3435167332077108,1029.2379578114267,10.529080244539514,class 1
39.39851812378705,35.02498891535572,36.33434979963959,1.8554303257690252,1503.805739107786,13.169549457274142,class 2
33.431903525028616,26.436511461523093,8.544438605888416,0.1768683321358644,967.8405935896636,9.616251892988766,class 1
29.381882071724792,21.05429412984534,20.414662464544474,0.506421534794187,1108.737648023649,8.699492115514861,class 1
26.639374092149886,18.86256121027891,54.71553551363088,0.44275541003186614,1019.9029847840866,10.884320329053404,class 1
26.748235618758695,20.92488796598759,15.915858417704877,0.2958753960973325,967.3289098196219,11.047849518057257,class 1
30.879986735887062,24.50941619188267,10.883928151310753,0.48076421261533353,1022.3091427717791,10.509813041789055,class 1
40.827377702406835,37.76982549071764,56.71628785608293,2.331112292509251,1465.8033019352147,11.77114995145448,class 2
50.88154113885938,38.776302996275824,16.49773042124641,1.2957118751178365,1574.9161292767096,11.92979231223992,class 2
43.06309936940001,40.65799997600996,23.391125615133955,1.3369811422996727,1603.9234270303925,12.759593564093906,class 2
28.150592829341733,25.195270478358875,25.402300021183155,0.15886955679689652,1024.9162267442753,7.952887521697652,class 1
49.83073097334809,43.246517212605895,42.868502825306095,1.2702701872581619,1672.3524332506267,14.89737395594225,class 2
47.922303711194104,41.30595858087325,20.87741187884221,1.888209434022246,1596.0046312579675,11.761785532465163,class 2
44.18183869514033,35.25647977671542,34.760244138235734,2.011824342215676,1687.8913371715405,9.712188351301247,class 2
62.24040519356992,94.45970389858304,24.610760157128198,2.045713161963292,2305.3463020850486,12.249950366949625,class 3
66.58343167146842,79.58811816615696,75.24821305509687,2.2082733462989075,1944.6959964768114,14.111441131416269,class 3
56.63931956858506,99.67773237468339,30.075564461146126,2.6057516172146933,2244.129441900538,10.968731462378102,class 3
52.74605752051382,99.27472921333361,19.179810177998313,2.9579867169536356,2139.956899981729,12.88101848979568,class 3
31.427484236598037,25.913680494391432,45.14200935121371,0.2006722620193347,1702.6388391029916,10.924202002003357,class 1
27.55161280376077,22.633278222382817,42.37588743626461,0.5198069642014402,975.0602935342042,8.856514812958522,class 1
54.45442424242928,90.60961234202182,35.178761384873226,1.2982573119414487,2383.66565193817,11.897721924552389,class 3
51.62033860852107,92.6692573125335,49.68649566922829,1.9828158310898736,2027.7741109224316,11.53927997252104,class 3
38.740548536143656,35.76691311634043,35.66792461148337,1.4336555709612526,1623.9562021493819,14.49138721124601,class 2
54.019109745227766,44.21707299722526,30.250226350573612,1.6773041039665888,1463.5692902307478,16.791112191838526,class 2
28.122390639189106,18.203334451873978,10.606792895718689,0.41291850541120756,939.7686466217103,10.561579677559395,class 1
55.14418336270974,97.6402332837968,40.01646396200143,2.1583633405996143,2176.044136362701,8.702298626134466,class 3
57.39938869587378,43.52051316022357,11.9498196122671,0.9953074425259956,1612.173691678006,11.007715396905521,class 2
26.2936962343779,21.5604554377966,4.168036575988901,0.6534634480922454,982.3226145770917,10.054089890196693,class 1
58.408267257844834,95.76867687604536,19.021350130792126,2.6153493585951195,2230.6852259470456,18.0463625917811,class 3
59.23932106639674,98.2218664401762,42.56519339925753,2.7324095977591027,2247.5005630712217,17.218519464911672,class 3
59.50766006835656,85.09250396273013,64.44874836617075,1.725105470230839,1962.0368698444195,12.303139460211067,class 3
67.11354129269554,99.0032172336438,20.755393130462,1.246439159542053,2120.4839217612534,11.46129449453787,class 3
58.06365750805984,102.98440526071512,45.302634831430126,2.671583648240463,2140.8893037097437,7.03180141103095,class 3
59.145312204665956,94.00063601989825,10.343423814121053,2.1706671443620604,2125.4982055303844,10.664407391019102,class 3
42.117754076207454,27.75398134445622,45.21470693111702,1.6039205547576394,1456.9125603469079,8.784674908228023,class 2
79.85872776426362,69.84592921617377,13.104179890555939,2.3988056744290294,1758.8917470093813,8.332314241369629,class 3
27.623400177212822,22.56305992102277,33.72212390897469,0.49727064164094065,921.438446413576,8.147780369632782,class 1
35.21323238140805,28.276927270430836,15.031203396028673,1.313842877120035,1420.3152195886555,14.412926231821665,class 2
50.98280011094893,36.48717603348829,27.97088081292,1.6055433073845164,1518.7270979188866,10.42663878916374,class 2
64.9408458666922,94.28107219908074,8.53140411326318,2.305941146670808,1781.9468583365901,6.933933243729787,class 3
41.59664108510667,35.52640435574331,91.45175879433955,1.5138927343091466,2733.1861121434936,10.004616605612915,class 2
49.35794485014206,82.14105718254946,35.493138628023274,3.0526581665708212,2453.9029448476062,12.464746760926346,class 3
53.52466608619307,102.55722251840848,25.975686480354675,2.656165756683927,2175.8910293837694,10.583400226899562,class 3
57.03156502134902,46.30407819765047,38.07030049298944,1.6098366570374927,1654.3622507574605,13.244807335673446,class 2
44.92552926367265,37.58830973944514,16.07947456837498,1.4972334196193673,1611.379223167645,13.5735100152555,class 2
37.19768125852451,34.920400056104306,28.23442721174576,1.245894715804658,1494.866809092645,15.937707069021826,class 2
31.254055389800783,25.530678720553666,3.2723500441273807,0.5556287452909254,912.5340913690094,9.20812354401353,class 1
37.31863627817069,26.953342934504654,35.88999212985855,0.7034922586973867,1469.8467253076515,16.44295710064431,class 2
38.97410825033501,38.524189959188085,24.245008237931476,1.0466305854368878,1369.4194563341634,7.05562734408218,class 2
45.026573761350214,39.31805748826363,23.979887467613096,1.2980512700178632,1413.8776705182333,13.651106416371093,class 2
27.88202916374479,24.331054966635488,9.935124795591975,0.4975830698423465,1006.7184802651564,7.517356985222224,class 1
25.90601002951254,19.28169195652434,2.399160747564459,0.4298095235564044,953.2100692053599,9.49475204853911,class 1
43.15848602880553,25.844327183862774,25.968481584741944,1.2130861249302045,1412.6556493373344,9.515755307233793,class 2
64.36573590357716,85.62750008166927,58.48843629180418,3.3584728203569147,2077.492005145221,12.445119883278402,class 3
60.60904132256439,96.96262571685624,34.77025689403123,2.396635250890667,1768.1614648574323,6.711128701858121,class 3
25.244947782708596,17.971135282200045,12.453904697173998,0.7922357733440658,843.3126847682375,9.453342621603309,class 1
69.7612775231746,66.14179701390458,18.218202491745068,3.166457157189547,2016.7461508902913,8.282339571480726,class 3
28.64386769639775,22.162782014658003,23.28191289303024,0.304808236777019,1001.1188177492234,10.510314965302507,class 1
65.40863356229907,83.34990845480317,62.89318866931177,1.4095104989350093,2283.820012059444,7.837629436983047,class 3
38.51426822189995,27.882273051911657,8.968502872569958,1.5323239133890603,1625.8363155929815,11.300807922167767,class 2
29.111109211604905,24.19772804571265,24.95870136615794,0.5116548661870893,1075.8119687878639,10.304162572378551,class 1
53.35461077210603,111.19778458352845,36.867996602446325,1.9182761718782968,2450.0276026068414,11.014465089292031,class 3
30.466743236562913,22.159303225163356,13.902609769535859,0.9105369963891783,1040.8977451638027,10.736150063490728,class 1
59.64810970905102,77.30549147131472,24.916030564730477,1.7523703752370061,2146.6717754762835,8.817391216297242,class 3
33.173388940799704,28.54422680324897,5.2153532776131435,0.43153181226722354,959.6833806871512,9.835408822458565,class 1
55.72245223420737,41.38643073289191,15.270801497869556,1.448174658408286,1490.9076533675973,9.988683424437966,class 2
31.947889923142327,24.25001905837827,17.25650213165528,0.39573541627254305,969.6154790568083,11.10337463864256,class 1
52.211367822069114,37.907689478420245,33.66076022885914,2.0984803839042248,1603.8844120872436,10.767850577761102,class 2
46.262547601184785,34.88613206272497,40.78714569257822,1.105216441773016,1523.0148735060584,10.87012255036623,class 2
37.496262133968465,22.754534987253194,33.073427969513716,1.6575072356976412,1677.3470094380775,16.241466707427126,class 2
30.264122790244866,28.468237697066222,22.688914403055772,0.2931383896651202,1099.9732213635023,8.87236622827975,class 1
34.51588917088357,30.68422332069884,32.30716502052327,0.11263239187596291,1071.5370662810728,12.471090996404994,class 1
31.650930446383953,25.083467704887397,16.324855579587304,0.41767233555675815,912.5222903630414,9.745420305369432,class 1
64.66447602860652,49.42499165395044,23.796098754258345,1.2761738131893836,1669.43939605782,10.035058480171612,class 2
21.471814877074763,20.120435847646124,22.156234338348842,0.7003490795303015,933.3570621763191,8.567812274303767,class 1
60.81720021249043,89.29340587333778,62.7504051473052,1.9460413812771433,2310.4686196326306,13.069622550983695,class 3
62.10868524339208,69.43166026972304,30.398032978092026,2.6717883706938075,2094.4661101931047,13.406783695781545,class 3
43.292727228758636,36.08897438437876,17.712100237355507,1.8201184188953963,1632.008340157197,13.842091327300128,class 2
24.211550110307652,16.79439492569806,20.71216519076557,0.04964454187619061,992.5361080277206,11.972211807258859,class 1
32.52515290335416,28.835086045310764,10.771904348634534,0.421907210107438,1003.1130565521167,4.527380762177825,class 1
42.31027860983601,31.202555318641544,22.985729359526257,1.8847170444417345,1674.2926022157824,12.916127866428877,class 2
52.71491643812405,93.74954828266488,49.13946912007062,2.8934553015798623,2026.3981637624179,9.420886249662049,class 3
65.70079386924614,87.59711786643614,53.61395514939157,1.9180441169410556,2012.7018496328897,15.124577976114159,class 3
42.14166786021332,30.543230966339,53.0122711461378,1.0163178390227285,1705.474483324107,12.579151110591294,class 2
32.17261707322078,25.37905523201142,4.133995403521857,0.6049014750572173,987.9158497914457,11.29895295762573,class 1
66.53488525301701,98.56825452430904,26.87427455743665,2.268957396712091,2355.8928560547974,7.831221755613587,class 3
43.3169396205076,32.864921067086286,6.9638558908792625,1.8665603501258154,1704.6321239823342,12.036700349724278,class 2
44.01308471788907,34.3552495419493,48.42426293809343,1.3854430994107416,1509.7406958318975,14.177056925916597,class 2
42.45717546701836,37.184021579954035,26.45593501609175,1.17878626190387,1561.9255929697072,13.326734845061832,class 2
43.29319589596989,90.59499889109446,19.28801715303797,1.8678120518394745,2104.4007699455615,14.280819384218768,class 3
22.195859245384653,17.64912229467108,20.301667823460352,0.7548894433882478,918.7945675416947,9.778836265122749,class 1
34.448720465588664,29.174792455413378,47.24151256932517,1.3420154421624617,1468.7515525939996,11.144617773169882,class 2
61.358293741258464,93.35641031067051,65.26602161942635,1.732838862358228,1994.8747200200387,12.911391408123565,class 3
28.48734978384244,22.05338191349789,1.5303096749496752,0.31696877683081476,943.4188376038829,10.196146281867316,class 1
54.67195315364458,46.92091714379476,36.65639872542402,1.3639783866266137,1722.9415210512027,14.306599306969632,class 2
55.89459423496178,93.2533519252793,63.756108682292165,1.759949584727058,1647.102864760902,14.684255461654464,class 3
48.15222094630669,44.669639372715935,15.511733339925824,1.3147546926550373,1817.0697450499324,5.495279212370778,class 2
40.893904404503694,34.95328500606762,9.634175337050143,1.7240747807650656,1610.5555475597203,11.275310961312826,class 2
31.599096906893745,31.089411863995814,10.392699293993505,0.035928797522771005,1254.3082943494028,11.150234307676365,class 1
37.59203264413654,29.637045509063892,23.854338906687303,1.6669622945292604,1708.9675412221582,15.502204650782417,class 2
39.75130663200838,30.301266546210165,29.693283976596145,1.5131331313188594,1404.869861364818,10.804792355615438,class 2
28.6604598800569,20.275582468566395,8.088358526035977,0.43524165914267987,1017.378495584842,10.6120542653219,class 1
30.89438219509873,23.926295510359804,15.843482993689806,0.47159935711849577,990.1852290003898,9.466452526643447,class 1
27.951029083713852,21.538968805303607,35.232523315652344,0.8221873990023789,995.9042310546722,10.009025020654107,class 1
44.406046278365935,36.439917138408504,12.756146468379166,1.5334036634707076,1551.5689457776798,12.96764682348936,class 2
61.146262280908374,86.97791647186618,8.910414427403056,2.8753287380763446,2276.191441422696,12.698561490720992,class 3
39.437803814124614,31.39609000392604,28.17610337083331,1.1455606520141435,1634.786257110208,15.975547014054449,class 2
50.10307488740093,92.11088413262212,36.78003046114999,2.4644049839212827,2090.4054835815923,11.649296573046602,class 3
31.461776257456314,25.48940423311193,15.886004902936568,0.3933095305670551,1016.2237821518223,12.823262320306075,class 1
63.01538130783672,69.42519972242275,77.55605785519573,2.6171895988488707,2140.372091895046,11.727127091649434,class 3
45.26059485495104,36.115541040559364,23.707145716298594,1.7349298040647945,1568.0303759109788,8.55212687162853,class 2
57.612193634230024,47.59393238587447,19.121178084084203,1.8918252382810206,2344.9145555686564,12.141241729983081,class 2
58.72339220548119,56.21809145274527,35.75381589777219,1.3934506330001666,1386.8322044389247,10.215451256953223,class 2
44.45850674125402,40.86662811052974,1.9027187186423862,1.8459861519980119,1703.2635649553736,7.267072096904737,class 2
69.72770584455785,75.65467043346254,39.20939493217662,2.83339246806546,2235.8751406453275,9.172165321601227,class 3
37.986923566767146,29.805196481806608,15.391705820932943,0.6555534778169851,1099.5957902917157,11.47920447544115,class 1
30.65101226042002,24.582072793524855,6.103362425849477,0.16160747016604732,983.8333403688476,12.42531159774791,class 1
25.937683675169833,19.80709732523597,19.837392617437892,0.4624658018143096,906.2422725679364,10.727741668818608,class 1
27.44099386900101,24.33508100137854,6.966880206915522,0.5565173965838593,999.0144565656551,6.729684903265789,class 1
50.67076222617309,91.09606385924279,39.70793669643072,1.958548237875676,2519.584440880453,10.601292624314206,class 3
29.932795369982845,22.947645098907973,14.03249211969225,0.6525852964673873,926.3319681752698,9.661852826157851,class 1
56.720604363960824,87.58049320681619,19.699559510983487,2.9380510656539527,1882.1282289990982,9.692701009867037,class 3
57.2552410315821,91.0124178230649,20.703478010277056,2.6048815025478147,2137.8962407420645,15.430212238082945,class 3
32.84490631917142,25.62057886661322,3.5466585295801396,0.31951538104149746,1020.2307851975919,8.496484028963799,class 1
52.71786613553064,98.6912647732073,67.56491879609973,1.7026809958312188,2203.0036356337096,3.8434510794831276,class 3
31.870037369008184,27.173008302679236,12.65372899314761,0.21525311292018795,1059.2011389043469,10.833373132975186,class 1
52.92564200525474,39.48629767872237,45.60649979814846,1.4687378590547429,1347.0772734862717,11.410414390464547,class 2
32.97301668481377,29.825744789417612,31.946871561020068,0.6159122284952955,913.405824208937,11.410434197325383,class 1
70.49104880895437,89.46410182124401,42.08789073984348,1.9877528212110138,1882.1904870559738,13.924652247601855,class 3
58.90375298352,112.68761064449808,81.50821102623887,2.886287696358724,2290.149405485559,9.171556489991419,class 3
43.34919446477603,36.17156484555754,26.297930429779747,1.468195174630913,1686.982560586744,15.270616517199775,class 2
42.78661606793168,36.103503968370156,50.83706735886439,1.3947323953036428,1338.3560549514173,14.046909875868604,class 2
71.62517819092805,81.36929062493782,54.322551903845344,1.5431761676347682,2451.1698268836044,8.154590913759368,class 3
53.30525165613929,95.4387374737701,55.590555603258345,2.651317659921787,2305.666060102221,9.45407872039452,class 3
41.1978041826072,24.441451789285686,13.867312201472085,1.2289214784703115,1533.4513113231465,13.917168233322652,class 2
45.71421908068402,36.37313991434088,49.580604996506274,1.0108098429085588,1532.5832147769293,10.025034115330993,class 2
38.07960995395776,32.837906742788476,32.42564438081105,1.1708144245745742,1687.5794546818636,13.412883447024424,class 2
47.9415869663221,33.18574050013092,22.98887103474091,1.8362570076580624,1529.673803202933,12.528466187620669,class 2
74.24546502096,78.74115368988512,31.50811142910719,1.7966258533656716,2083.848461415909,13.339461898501034,class 3
27.843895100219395,11.163138957261229,29.401597849964986,1.4495004675179108,1234.2840921576694,11.567822293891409,class 2
52.936986775596075,106.13692734956724,35.57390960575917,2.113217235916387,2051.3286199553954,5.900551027265562,class 3
51.688681980600265,99.62796231463892,19.104288844413635,2.839370311880084,2378.1417873053806,8.656115001747288,class 3
61.738634218318786,64.62044396034145,32.71069075221395,1.3459636766845424,1906.7491687552379,12.406748990775844,class 3
57.30312242350171,100.47046503580339,29.427798775923456,2.7234427897011204,2264.18743127582,8.04137837257851,class 3
39.666178791828195,32.90467832745173,9.535573461461222,1.1558044074693394,1755.2211962151243,12.396120126249338,class 2
54.124955474656616,50.258556547449345,32.93760614538988,1.5443088485971928,1618.867941212343,12.398244459574101,class 2
55.11588169848574,39.31126946159618,58.694848007320566,0.9347321882953243,1680.855327240131,13.924642232638387,class 2
30.92864529226688,27.665804818297907,19.51290675587916,0.6398393463389775,899.9747568861483,11.32959093935193,class 1
43.71076977439345,32.47421306248191,12.715163550200481,1.4892086200705354,1770.6527619908268,10.76632947711531,class 2
48.46189658725997,31.538729830708245,1.6646084363378708,1.5828891408758097,1657.0153680817612,8.488021130974182,class 2
81.04060607254948,79.58654169607465,34.22311586182244,3.312690587934797,1950.3685495288062,8.056678014653397,class 3
62.20196864453124,48.94980714092352,16.75446204814721,2.0971321153446736,1735.4789321154421,11.346095247333995,class 2
29.17824976852948,24.897274966947073,2.836478014098007,0.4886090917572942,1002.4868470216923,10.950865566600614,class 1
28.721315134570794,24.264929694210352,3.9255260169397377,0.46516545323900843,913.3040938113552,10.677652901411477,class 1
25.840063575038016,18.60074335437879,24.39271360998598,0.14500758807157432,928.549550273211,7.696536895110821,class 1
62.98795944111241,90.83188570237837,29.037932034686754,2.4338694040202964,1821.390090106816,10.53090472716722,class 3
30.270316277955565,23.88936722531543,15.470632387676305,0.15386567889855635,1084.7378991117057,5.604108436220836,class 1
31.827100950229646,22.534796756509714,16.845231582107154,0.5775406282524029,1097.1351863142802,7.874736861104688,class 1
36.934258111062626,32.73051852782703,10.050574417897863,1.0315661560366545,1628.2683844767873,13.19150741830995,class 2
32.46391769030198,26.828647029164816,24.093576168520748,0.41894614691013365,1143.8048933315713,11.747961303320766,class 1
36.95557201968194,26.522422223460094,9.632930591897273,1.573733407203617,1477.933079067803,12.134381407476255,class 2
78.09833501160463,89.34682134110423,31.169663077127964,2.351958495500801,1606.8840379878939,13.587641089862162,class 3
29.606058061962305,23.496321341064732,14.3010614521893,0.41504525444138174,973.1248619967882,9.275814761913033,class 1
51.50441827750198,96.4817232927175,24.427175114647934,2.7125815447777835,1884.1589172938586,8.64853291083578,class 3
53.29838979205293,91.88442465255545,22.940035701468034,1.9344773302577716,2012.6286834754578,9.607777301209271,class 3
24.171376720577335,19.518271190265363,23.8665103086606,0.8695650025912092,932.3963737624679,7.414804888891873,class 1
44.616965064808596,100.93137601899312,23.682001308097657,2.001897853060716,2164.3256949880215,9.98476979121962,class 3
31.643087107423135,23.071453029587527,16.438919620114024,1.1074991338939608,1703.9470241030235,6.609979984851552,class 2
52.13330585269234,37.07678615322018,15.582919083023722,1.720078702763606,1460.6905652335913,13.457770339144357,class 2
34.508964827872134,25.964398503848937,22.39439417726232,0.5470552223176527,1050.8296914289022,10.595549950023237,class 1
67.61673656076957,104.411075308064,43.2317312850472,2.285898516808779,2099.6546879983703,14.820542667821153,class 3
31.922986635623637,23.413560484779783,27.615165682543015,0.6581603442357978,973.8990395981568,7.893596352863876,class 1
56.09219610067003,104.52458847832392,46.875767854863696,3.24937280606823,2195.6201811466644,13.65423561425423,class 3
35.756577110900736,21.093306624856957,22.75407771441745,0.9427954492154906,1460.5678712343895,10.83005921668927,class 2
33.85044018194931,30.210587448420085,14.332891720919715,0.9747657090263565,1689.6726461372145,12.426562696349482,class 2
59.428421930055585,86.36401183466201,47.95432264970811,2.0415741129292346,2114.1511805157215,12.829953162621607,class 3
64.29849656781093,96.73050886094013,57.95291685428521,2.648077577956508,2036.4161354710304,12.913334614157698,class 3
24.116774821989367,17.07255848876254,11.75152570176008,0.6097477637728254,911.1116079265953,9.249458383904651,class 1
63.80060117212824,83.72739706970886,28.99288496044105,2.0961092885397923,1696.291028110122,11.046328354805846,class 3
69.3040755114501,78.42044317361666,71.15808712665806,3.0870054603533936,3804.5798287016933,7.818508069201989,class 3
57.01048323144895,100.62660452910126,41.83553961695522,3.652033983155108,3541.2434442154336,8.078020965299743,class 3
46.28840481890096,37.24465036240837,16.500914463634622,2.293675471364739,1617.6786796583765,7.474466697282959,class 2
28.11850938282882,18.39446330420101,0.8371987209585423,0.8335775222239039,1027.5683923800286,10.716294005900194,class 1
60.15601166236176,90.59928441468122,25.29695550042563,2.575596987942356,2312.0732735070933,11.803111275604504,class 3
31.156477594759938,25.60033117340582,9.666201077071795,0.5328781405954605,1082.066947430819,10.574328604577573,class 1
43.94126647277537,30.66193944913632,39.69517842122051,1.4505115742496693,1777.3934722859271,9.98429544828829,class 2
56.05429852087143,43.19484130286927,25.32703427539815,0.6861200187939996,1680.6537178115725,12.629636038237512,class 2
43.38296689991567,103.23839972246867,46.73512133813883,1.6084396387602462,1997.991655444173,12.191541552255408,class 3
40.40761544351323,36.50558360462829,14.191235681491934,1.3273095308660625,1627.7538427292038,10.335305722198909,class 2
54.233092384189774,46.301330843649204,70.10385798606222,1.929947284298053,1649.7539542032043,11.36984296149161,class 2
26.536675537227026,19.47303569592412,6.860707866264977,0.3261905504270435,989.4217074775063,9.273954802640986,class 1
32.71565425228758,26.16227966838992,7.299361735243125,0.6230513533937123,1079.6561108719939,10.503761885399536,class 1
85.31384323414851,75.0367947179072,51.188582191935126,2.789020024639854,1697.69361037824,11.596778651068773,class 3
30.98917978892925,23.213052423665825,11.809394557062591,1.8124995357130342,1470.911684962572,9.192607377232175,class 2
35.07621080888301,26.670874998332334,8.239030552709949,1.0741485535647577,1526.074116933265,14.411376705598332,class 2
27.276281822384234,22.71316986087155,16.730328336606167,0.7902357698042128,1134.545329544066,7.178802358038913,class 1
56.83627738371036,94.48593528986095,48.105195827022854,3.250080057645455,2235.429071888282,6.696724109241408,class 3
48.18516604243264,29.54899772213968,29.667334572354235,1.4204032055746407,1494.4429087158992,8.64910947994699,class 2
49.43000540225115,40.62438605859006,6.90156496595853,0.9195825520462142,1447.0457917581393,12.48775993285722,class 2
51.815644579408634,40.76625762266152,49.47689259738405,2.166017611795959,1516.9679564590467,14.806695636409346,class 2
63.93890106180876,90.62247151927278,44.96814822519089,1.8294604509002832,1716.9294824425538,10.75249542896438,class 3
35.742212066958245,27.582243868295272,19.219878308305425,1.4998029160069644,1455.6764096918764,9.381782134040474,class 2
50.60450335678222,89.78507011885395,30.377017836515545,2.8337738894750517,2064.787980454616,11.181412346474964,class 3
71.22490279028206,87.31821207405932,66.78460885480797,2.0065642608744163,2099.79845004038,19.651331766194144,class 3
38.10389377382422,32.74495669573575,32.72015335308438,1.5252061746709682,1723.2286895584743,8.482714585995346,class 2
60.88201722689445,99.44097049303495,53.30186829671658,2.2067471063647557,2003.3051170775848,6.246078117994237,class 3
30.62819426978138,25.158546383253324,8.647038146239874,0.6032595144202902,931.0145632419566,10.81389169493794,class 1
28.440760787376927,23.712895436684768,8.699898904695557,0.27196781617475385,991.7263909140294,9.993050541663482,class 1
45.828435393717434,45.78927982407819,22.730748616463718,1.256325781947035,1544.5447509793066,13.212734671242782,class 2
62.10988004833888,76.52500018943013,12.197434209656763,2.5560232257914537,1856.9241447500306,6.5941773911048225,class 3
26.378083778559756,18.75933376519712,1.9529868020139396,0.3072723111262392,1068.1028459875831,10.181766923949192,class 1
61.557064256870035,95.71535355153699,71.3138477465163,2.2403048520231637,2327.728790187899,8.67228397873432,class 3
30.04997647491075,23.714649338838786,20.804912391605402,0.40417936581760394,928.4523163137977,10.947972225642093,class 1
52.37930316404382,71.70894437258815,36.89093089783039,2.7123710545119675,2245.538594928363,15.982458152927615,class 3
45.02175985129946,41.81478708598478,9.942374061829206,1.5256463601049937,1771.0394732164366,12.51352631740315,class 2
30.717102539825266,25.20667055520683,16.058271410904787,0.29554394367053405,996.2730183728529,10.92955294822372,class 1
50.1859747270457,92.66114542967145,35.869860483144826,2.3355243113187716,2168.155078290846,7.788018589249091,class 3
29.26055054581896,22.098865045796387,20.66061396466088,0.3772046397214206,897.6127233887984,12.045143068128548,class 1
53.58405068954265,43.139187055838484,7.883320858407517,1.5494968156691904,1564.0794510697933,13.085024558625268,class 2
25.466851143986077,20.858474497731308,17.43142641198052,-0.012948868364113464,908.8456799126741,10.051917811277884,class 1
26.199911780357674,21.82946157321938,14.387346901668002,0.7098347242882699,1022.2860731609445,10.004489936799933,class 1
46.04038966711982,30.476721476980952,55.56115667872344,1.7407163960599554,1437.9881058248295,14.55601806340118,class 2
52.342623398555766,97.18440744354811,33.18963784584585,3.2639561550030165,2429.571771976182,12.523388850098723,class 3
62.2201483464967,86.05322544874079,9.81682610749644,1.8479595256513277,2052.235180503434,8.871160947319495,class 3
28.574944115754295,26.317350581414622,7.197499446147622,0.7225931783320527,971.0533970332526,9.911076030961102,class 1
